href,id,name,popularity,uri,album.name
https://api.spotify.com/v1/tracks/1J9iVCaEriyoMXpj2XszhU,1J9iVCaEriyoMXpj2XszhU,When Sunny Gets Blue,63,spotify:track:1J9iVCaEriyoMXpj2XszhU,Today And Tomorrow
https://api.spotify.com/v1/tracks/3nuigRVfjSREzo7i4Af4tc,3nuigRVfjSREzo7i4Af4tc,Hipster,0,spotify:track:3nuigRVfjSREzo7i4Af4tc,Urban Novel
https://api.spotify.com/v1/tracks/79fXdfpOPGaXO1gfdq2onl,79fXdfpOPGaXO1gfdq2onl,All of Me,49,spotify:track:79fXdfpOPGaXO1gfdq2onl,Billie Holiday Love Songs
https://api.spotify.com/v1/tracks/64hIGVT0pT44TP0PGGZ2aU,64hIGVT0pT44TP0PGGZ2aU,Essence Of Sapphire,0,spotify:track:64hIGVT0pT44TP0PGGZ2aU,Late Night Tales - Bonobo
https://api.spotify.com/v1/tracks/0dWOiVQwoUYTtXD0VVgmJQ,0dWOiVQwoUYTtXD0VVgmJQ,Chega de Saudade,48,spotify:track:0dWOiVQwoUYTtXD0VVgmJQ,Rosa Morena
https://api.spotify.com/v1/tracks/4on3eMnc3jPhCUgBfG694n,4on3eMnc3jPhCUgBfG694n,The Good Life,36,spotify:track:4on3eMnc3jPhCUgBfG694n,Quartet West
https://api.spotify.com/v1/tracks/3xyWojY10M9NSgnW0FZCbI,3xyWojY10M9NSgnW0FZCbI,Time After Time,22,spotify:track:3xyWojY10M9NSgnW0FZCbI,The Definitive John Coltrane On Prestige And Riverside
https://api.spotify.com/v1/tracks/39hw7cHneF75IdMKLSRZOD,39hw7cHneF75IdMKLSRZOD,Brainville,0,spotify:track:39hw7cHneF75IdMKLSRZOD,Jazz by Sun Ra
https://api.spotify.com/v1/tracks/0TYaiwJB9eLNew2VYxF6i8,0TYaiwJB9eLNew2VYxF6i8,The Flood,11,spotify:track:0TYaiwJB9eLNew2VYxF6i8,Organic Riot
https://api.spotify.com/v1/tracks/3QuSHJUfvuOyeKMS32Wckj,3QuSHJUfvuOyeKMS32Wckj,April In Paris - 2007 Remaster/Rudy Van Gelder Edition,50,spotify:track:3QuSHJUfvuOyeKMS32Wckj,The Magnificent Thad Jones (Remastered)
https://api.spotify.com/v1/tracks/3CDHydgW0ssTh59f0jy1y3,3CDHydgW0ssTh59f0jy1y3,The Look Of Love,66,spotify:track:3CDHydgW0ssTh59f0jy1y3,The Look Of Love
https://api.spotify.com/v1/tracks/5p6me2mwQrGfH30eExHn6v,5p6me2mwQrGfH30eExHn6v,Take Five,55,spotify:track:5p6me2mwQrGfH30eExHn6v,On Time
https://api.spotify.com/v1/tracks/16QhvfPMBLpo7sFqOqTff3,16QhvfPMBLpo7sFqOqTff3,Namely You,15,spotify:track:16QhvfPMBLpo7sFqOqTff3,Complete 1957 - 1958 Quintet and Sextet Sessions
https://api.spotify.com/v1/tracks/5o3DSHw1ORhM3lWxqGRvEf,5o3DSHw1ORhM3lWxqGRvEf,"All Blues (feat. John Coltrane, Cannonball Adderley & Bill Evans)",54,spotify:track:5o3DSHw1ORhM3lWxqGRvEf,Kind Of Blue (Legacy Edition)
https://api.spotify.com/v1/tracks/14FkDSrkQPko4YMhx6dLI2,14FkDSrkQPko4YMhx6dLI2,Chronology,26,spotify:track:14FkDSrkQPko4YMhx6dLI2,The Shape Of Jazz To Come
https://api.spotify.com/v1/tracks/0Y6WjYBWld3reWsTMT8FTd,0Y6WjYBWld3reWsTMT8FTd,Where We Used To Live,44,spotify:track:0Y6WjYBWld3reWsTMT8FTd,E.S:T. Tuesday Wonderland
https://api.spotify.com/v1/tracks/76XqHxPg6spx9xILgC99Fg,76XqHxPg6spx9xILgC99Fg,Samba Triste,0,spotify:track:76XqHxPg6spx9xILgC99Fg,Jazz Samba
https://api.spotify.com/v1/tracks/6d70Wz9U7R24vIobGpgcee,6d70Wz9U7R24vIobGpgcee,The Spell of the Samba (Samba da Minha Terra),22,spotify:track:6d70Wz9U7R24vIobGpgcee,Jazz Meets the Bossa Nova
https://api.spotify.com/v1/tracks/1DgQyMa4f1myDWa21BwgVq,1DgQyMa4f1myDWa21BwgVq,I Let a Song Go out of My Heart,40,spotify:track:1DgQyMa4f1myDWa21BwgVq,Swingtime Again
https://api.spotify.com/v1/tracks/3oSBVpyGQ9N3hPibpw0GkB,3oSBVpyGQ9N3hPibpw0GkB,Peace Piece,25,spotify:track:3oSBVpyGQ9N3hPibpw0GkB,The Best Of Bill Evans
https://api.spotify.com/v1/tracks/0IffIW3eyCx9aZ36IqOu5o,0IffIW3eyCx9aZ36IqOu5o,Infant Eyes - Remastered1998/Rudy Van Gelder Edition,54,spotify:track:0IffIW3eyCx9aZ36IqOu5o,Speak No Evil
https://api.spotify.com/v1/tracks/5C1s6a1SXSM1wUP7XyYbQF,5C1s6a1SXSM1wUP7XyYbQF,About The Monks,14,spotify:track:5C1s6a1SXSM1wUP7XyYbQF,About The Monks
https://api.spotify.com/v1/tracks/0XA48sfKDPJO8aUUS1DXBn,0XA48sfKDPJO8aUUS1DXBn,Vous qui passez sans me voir,14,spotify:track:0XA48sfKDPJO8aUUS1DXBn,Les duos improbables 2
https://api.spotify.com/v1/tracks/0b9jIWGchhRtF9XTF9labn,0b9jIWGchhRtF9XTF9labn,Karl-Bertil Jonssons Julafton,37,spotify:track:0b9jIWGchhRtF9XTF9labn,Arne Domnérus with Jimmy Rowles
https://api.spotify.com/v1/tracks/1qzOAxBlcEmqfT5WnayGO5,1qzOAxBlcEmqfT5WnayGO5,Waiting,14,spotify:track:1qzOAxBlcEmqfT5WnayGO5,Days of Blue
https://api.spotify.com/v1/tracks/02M2OoPaKPmkCl7kidq6nK,02M2OoPaKPmkCl7kidq6nK,Theme for Maxine,29,spotify:track:02M2OoPaKPmkCl7kidq6nK,Rosewood
https://api.spotify.com/v1/tracks/3aEJMh1cXKEjgh52claxQp,3aEJMh1cXKEjgh52claxQp,I've Got You Under My Skin - Remastered 1998,70,spotify:track:3aEJMh1cXKEjgh52claxQp,Songs For Swingin' Lovers! (Remastered)
https://api.spotify.com/v1/tracks/3ZikLQCnH3SIswlGENBcKe,3ZikLQCnH3SIswlGENBcKe,My Favorite Things,47,spotify:track:3ZikLQCnH3SIswlGENBcKe,My Favorite Things
https://api.spotify.com/v1/tracks/5VzX7mZUlGFPPuEcKm8mlV,5VzX7mZUlGFPPuEcKm8mlV,Forever Spring,14,spotify:track:5VzX7mZUlGFPPuEcKm8mlV,Heroes + Misfits
https://api.spotify.com/v1/tracks/2oEvw0AfrT2fPNpEnBwVml,2oEvw0AfrT2fPNpEnBwVml,I Hear A Rhapsody,53,spotify:track:2oEvw0AfrT2fPNpEnBwVml,Undercurrent
https://api.spotify.com/v1/tracks/5QXDD5E0bWRdsgW0bQTYRG,5QXDD5E0bWRdsgW0bQTYRG,Miss Understanding,0,spotify:track:5QXDD5E0bWRdsgW0bQTYRG,The Epic
https://api.spotify.com/v1/tracks/0DTK1wka31c9Iam2OywdKg,0DTK1wka31c9Iam2OywdKg,Walkin' And Swingin',20,spotify:track:0DTK1wka31c9Iam2OywdKg,1930-1941
https://api.spotify.com/v1/tracks/5H9YotJfoPlfGRwo0BaK0v,5H9YotJfoPlfGRwo0BaK0v,"",0,spotify:track:5H9YotJfoPlfGRwo0BaK0v,""
https://api.spotify.com/v1/tracks/7oB0QBEnGRIJjvlDc8YnM6,7oB0QBEnGRIJjvlDc8YnM6,Rhapsody in Blue,53,spotify:track:7oB0QBEnGRIJjvlDc8YnM6,Gershwin: Rhapsody in Blue & An American in Paris
https://api.spotify.com/v1/tracks/5h3qo8KcaFLQ7WuseUL2ak,5h3qo8KcaFLQ7WuseUL2ak,Dear Old Stockholm,19,spotify:track:5h3qo8KcaFLQ7WuseUL2ak,Dear Old Stockholm
https://api.spotify.com/v1/tracks/7hK9jnESeCfc5fIHH76jKh,7hK9jnESeCfc5fIHH76jKh,Skating,50,spotify:track:7hK9jnESeCfc5fIHH76jKh,A Charlie Brown Christmas [2012 Remastered & Expanded Edition]
https://api.spotify.com/v1/tracks/5lBspfpAWdXE1dgxu6LP0s,5lBspfpAWdXE1dgxu6LP0s,Seven Eight Nine (part 1),0,spotify:track:5lBspfpAWdXE1dgxu6LP0s,Six For Six
https://api.spotify.com/v1/tracks/4BD61oILBbkkSojO7lcBPA,4BD61oILBbkkSojO7lcBPA,JAC,15,spotify:track:4BD61oILBbkkSojO7lcBPA,Perfect Animal
https://api.spotify.com/v1/tracks/73dk1Hmi0bDX9IMYISFuac,73dk1Hmi0bDX9IMYISFuac,Flim,46,spotify:track:73dk1Hmi0bDX9IMYISFuac,These Are The Vistas
https://api.spotify.com/v1/tracks/3afeZ81GDy59tATovKyH6Z,3afeZ81GDy59tATovKyH6Z,I Know You Know,55,spotify:track:3afeZ81GDy59tATovKyH6Z,Esperanza
https://api.spotify.com/v1/tracks/1UdkQHQZs7pMWLpZBDVRxl,1UdkQHQZs7pMWLpZBDVRxl,I Cover The Waterfront,16,spotify:track:1UdkQHQZs7pMWLpZBDVRxl,The Complete Capitol Recordings Of Art Tatum
https://api.spotify.com/v1/tracks/7FXj7Qg3YorUxdrzvrcY25,7FXj7Qg3YorUxdrzvrcY25,Fly Me To The Moon - 2008 Remastered,69,spotify:track:7FXj7Qg3YorUxdrzvrcY25,Nothing But The Best (Remastered)
https://api.spotify.com/v1/tracks/6W5706MsehAWMAZLIg9Fu2,6W5706MsehAWMAZLIg9Fu2,Strange Fruit,0,spotify:track:6W5706MsehAWMAZLIg9Fu2,Lady Sings The Blues
https://api.spotify.com/v1/tracks/0U58rzaqSd4AY4c1GMbuTb,0U58rzaqSd4AY4c1GMbuTb,Junk Magic,23,spotify:track:0U58rzaqSd4AY4c1GMbuTb,Junk Magic
https://api.spotify.com/v1/tracks/4DjTp1Cktd3OdvmNrCkTOi,4DjTp1Cktd3OdvmNrCkTOi,The Sicilian Clan,0,spotify:track:4DjTp1Cktd3OdvmNrCkTOi,Naked City
https://api.spotify.com/v1/tracks/0tUq1zaYNoV6ZiYRU2bjqf,0tUq1zaYNoV6ZiYRU2bjqf,"On Green Dolphin Street (feat. John Coltrane, Cannonball Adderley & Bill Evans)",49,spotify:track:0tUq1zaYNoV6ZiYRU2bjqf,Kind Of Blue (Legacy Edition)
https://api.spotify.com/v1/tracks/6A5peQOx4yfbNUG4t1mEN6,6A5peQOx4yfbNUG4t1mEN6,Drum Boogie,13,spotify:track:6A5peQOx4yfbNUG4t1mEN6,Drum Boogie (Best Of The Big Bands)
https://api.spotify.com/v1/tracks/3j76McoUI18gDoqxYE14Bu,3j76McoUI18gDoqxYE14Bu,Sea,22,spotify:track:3j76McoUI18gDoqxYE14Bu,Transit
https://api.spotify.com/v1/tracks/7MrXwqdwwU57JqIOGtTbRe,7MrXwqdwwU57JqIOGtTbRe,The Source,31,spotify:track:7MrXwqdwwU57JqIOGtTbRe,Gratitude
https://api.spotify.com/v1/tracks/7cBrqDjvY5xz6WGfOk1k5k,7cBrqDjvY5xz6WGfOk1k5k,Winter,10,spotify:track:7cBrqDjvY5xz6WGfOk1k5k,A Windham Hill Retrospective
https://api.spotify.com/v1/tracks/7pR9ESwH8E0Y8z79PflnZY,7pR9ESwH8E0Y8z79PflnZY,One Tree Found,12,spotify:track:7pR9ESwH8E0Y8z79PflnZY,Alexander Hawkins Trio
https://api.spotify.com/v1/tracks/2nWHzbBWBOePUvAImQv2So,2nWHzbBWBOePUvAImQv2So,Rockit,53,spotify:track:2nWHzbBWBOePUvAImQv2So,Future Shock
https://api.spotify.com/v1/tracks/50k2js6trDCX2iV0KsIBGx,50k2js6trDCX2iV0KsIBGx,"Bewitched, Bothered, And Bewildered",0,spotify:track:50k2js6trDCX2iV0KsIBGx,Ella Fitzgerald Sings The Rodgers And Hart Songbook
https://api.spotify.com/v1/tracks/6ybViy2qrO9sIi41EgRJgx,6ybViy2qrO9sIi41EgRJgx,Don't Know Why,77,spotify:track:6ybViy2qrO9sIi41EgRJgx,Come Away With Me
https://api.spotify.com/v1/tracks/2k6sbNpI1TZzeV3FMbTZcZ,2k6sbNpI1TZzeV3FMbTZcZ,Proto-Cosmos,27,spotify:track:2k6sbNpI1TZzeV3FMbTZcZ,Lifetime: The Collection
https://api.spotify.com/v1/tracks/0fXVCUQrwQTv9397VjP6yU,0fXVCUQrwQTv9397VjP6yU,Afrique (take 1),0,spotify:track:0fXVCUQrwQTv9397VjP6yU,The Conny Plank Session
https://api.spotify.com/v1/tracks/1GAJG25Z6KsqrSw6Bm3u7y,1GAJG25Z6KsqrSw6Bm3u7y,Blowing in the Wind,23,spotify:track:1GAJG25Z6KsqrSw6Bm3u7y,Memories of You
https://api.spotify.com/v1/tracks/7uAJuE1qVnXD3zasCqnhOu,7uAJuE1qVnXD3zasCqnhOu,Miss D. D.,17,spotify:track:7uAJuE1qVnXD3zasCqnhOu,Mary Lou Williams Presents Black Christ of the Andes
https://api.spotify.com/v1/tracks/55jwhnIYoKr7UszV5ehTa6,55jwhnIYoKr7UszV5ehTa6,West Coast Blues,0,spotify:track:55jwhnIYoKr7UszV5ehTa6,Movin’: The Complete Verve Recordings
https://api.spotify.com/v1/tracks/5nfWH9Vn6PIaUnf2a9VthM,5nfWH9Vn6PIaUnf2a9VthM,Smoke Gets In Your Eyes,38,spotify:track:5nfWH9Vn6PIaUnf2a9VthM,"The Art Tatum Solo Masterpieces, Vol. 7"
https://api.spotify.com/v1/tracks/56IQUfsUskt9VHe6YM6kue,56IQUfsUskt9VHe6YM6kue,Black Coffee,58,spotify:track:56IQUfsUskt9VHe6YM6kue,After Hours
https://api.spotify.com/v1/tracks/6fXo62r6iCa5HUzlSiUwZN,6fXo62r6iCa5HUzlSiUwZN,Stellar Regions (Venus),12,spotify:track:6fXo62r6iCa5HUzlSiUwZN,Stellar Regions (Expanded Edition)
https://api.spotify.com/v1/tracks/2d64G7VaZdHQuAquz5HQNu,2d64G7VaZdHQuAquz5HQNu,That Old Feeling,57,spotify:track:2d64G7VaZdHQuAquz5HQNu,Chet Baker Sings
https://api.spotify.com/v1/tracks/0m8tSPLHhjhGToD6LW0RPp,0m8tSPLHhjhGToD6LW0RPp,Windows,53,spotify:track:0m8tSPLHhjhGToD6LW0RPp,The Best Of Chick Corea
https://api.spotify.com/v1/tracks/4p6upktU3Ms5LiFuwzXAV3,4p6upktU3Ms5LiFuwzXAV3,Moonlight In Vermont,19,spotify:track:4p6upktU3Ms5LiFuwzXAV3,The Very Best Of Chet Baker
https://api.spotify.com/v1/tracks/4cUgsvo0xRu0JQXIhxcXkZ,4cUgsvo0xRu0JQXIhxcXkZ,Manteca,21,spotify:track:4cUgsvo0xRu0JQXIhxcXkZ,The Complete RCA Victor Recordings
https://api.spotify.com/v1/tracks/25j0gLYyAdxbh0gphaSiOd,25j0gLYyAdxbh0gphaSiOd,Tribute to Alice Coltrane,0,spotify:track:25j0gLYyAdxbh0gphaSiOd,When the World Was One
https://api.spotify.com/v1/tracks/2wHIDNvfYyZWPpMqX3fDE4,2wHIDNvfYyZWPpMqX3fDE4,Open Letter To Duke,36,spotify:track:2wHIDNvfYyZWPpMqX3fDE4,Ah Um
https://api.spotify.com/v1/tracks/6im1fPDo7kli3LMfvTDWEV,6im1fPDo7kli3LMfvTDWEV,When You're Smiling,20,spotify:track:6im1fPDo7kli3LMfvTDWEV,"New Orleans Shout - The Complete Victor Recordings, Vol. 2"
https://api.spotify.com/v1/tracks/1QxmKMggKPykokcwBYvjso,1QxmKMggKPykokcwBYvjso,Everything in Its Right Place,44,spotify:track:1QxmKMggKPykokcwBYvjso,Anything Goes
https://api.spotify.com/v1/tracks/0wvbb2MxlokwqSvbeoOOHv,0wvbb2MxlokwqSvbeoOOHv,Interlude No. 3,41,spotify:track:0wvbb2MxlokwqSvbeoOOHv,The Mourning of a Star
https://api.spotify.com/v1/tracks/4Tq2fWpX1nLCkMSOPkYb1Y,4Tq2fWpX1nLCkMSOPkYb1Y,Moanin',52,spotify:track:4Tq2fWpX1nLCkMSOPkYb1Y,The Best Of Art Blakey
https://api.spotify.com/v1/tracks/5P7QtBWllP1CQno3Bi834D,5P7QtBWllP1CQno3Bi834D,Dancing,13,spotify:track:5P7QtBWllP1CQno3Bi834D,Parallel Realities
https://api.spotify.com/v1/tracks/6dZKWYSx5YBIme4SfpIHJ0,6dZKWYSx5YBIme4SfpIHJ0,In the Mood,60,spotify:track:6dZKWYSx5YBIme4SfpIHJ0,Greatest Hits
https://api.spotify.com/v1/tracks/4mIgA9Ib0aWjwUzNGUCNzO,4mIgA9Ib0aWjwUzNGUCNzO,Caravan,0,spotify:track:4mIgA9Ib0aWjwUzNGUCNzO,Afro
https://api.spotify.com/v1/tracks/4IfjnNG3AA8ZIlYBSWiHyt,4IfjnNG3AA8ZIlYBSWiHyt,Ghosts,27,spotify:track:4IfjnNG3AA8ZIlYBSWiHyt,Love Cry (Expanded Edition)
https://api.spotify.com/v1/tracks/7pKWTcPfT9mg2iAhobFHpS,7pKWTcPfT9mg2iAhobFHpS,Polka Dots And Moonbeams - Remastered,49,spotify:track:7pKWTcPfT9mg2iAhobFHpS,The Amazing Bud Powell
https://api.spotify.com/v1/tracks/09g0zyFNWV9Upz4A9Ey9qM,09g0zyFNWV9Upz4A9Ey9qM,Topsy,0,spotify:track:09g0zyFNWV9Upz4A9Ey9qM,Count Basie's Finest Hour
https://api.spotify.com/v1/tracks/3MC79TErHHp9FODo2ErBQ1,3MC79TErHHp9FODo2ErBQ1,Django's Tiger,39,spotify:track:3MC79TErHHp9FODo2ErBQ1,The Best Of Django Reinhardt
https://api.spotify.com/v1/tracks/6jtqMK07LIrDOKprhrF0vU,6jtqMK07LIrDOKprhrF0vU,Don't Explain,16,spotify:track:6jtqMK07LIrDOKprhrF0vU,Lady Sings the Blues
https://api.spotify.com/v1/tracks/7wyznHrs1tQaeLMRdteaEh,7wyznHrs1tQaeLMRdteaEh,Con Alma,0,spotify:track:7wyznHrs1tQaeLMRdteaEh,Afro
https://api.spotify.com/v1/tracks/2JR1WeETsXmFR1kRC2oXXq,2JR1WeETsXmFR1kRC2oXXq,Where or When,53,spotify:track:2JR1WeETsXmFR1kRC2oXXq,Standard Time Vol. 3: The Resolution Of Romance
https://api.spotify.com/v1/tracks/75sAWnVBYaaYs1mWbB05Qg,75sAWnVBYaaYs1mWbB05Qg,Koop Island Blues,53,spotify:track:75sAWnVBYaaYs1mWbB05Qg,Koop Islands
https://api.spotify.com/v1/tracks/6oWhUfePc5h9r5pfw7wvPN,6oWhUfePc5h9r5pfw7wvPN,Midnight Special - Rudy Van Gelder Digital Remaster/2007,54,spotify:track:6oWhUfePc5h9r5pfw7wvPN,Midnight Special (Remastered)
https://api.spotify.com/v1/tracks/7dzNuRBCw16p1lHKF0vYpx,7dzNuRBCw16p1lHKF0vYpx,Groovin' High,0,spotify:track:7dzNuRBCw16p1lHKF0vYpx,Groovin' High
https://api.spotify.com/v1/tracks/3ZlrImCUC5ODy6hO180NVr,3ZlrImCUC5ODy6hO180NVr,For All We Know,16,spotify:track:3ZlrImCUC5ODy6hO180NVr,Hot House Flowers
https://api.spotify.com/v1/tracks/1xaTXPoDk4VOU9XhYX4KJM,1xaTXPoDk4VOU9XhYX4KJM,A Nightingale Sang In Berkeley Square,64,spotify:track:1xaTXPoDk4VOU9XhYX4KJM,Recorded Fall '61
https://api.spotify.com/v1/tracks/0rN5I9uWxtJqlND6tzqOxJ,0rN5I9uWxtJqlND6tzqOxJ,Laughing Club,3,spotify:track:0rN5I9uWxtJqlND6tzqOxJ,Where's Your Cup?
https://api.spotify.com/v1/tracks/1czzmAtPTw287TyMQEfCfg,1czzmAtPTw287TyMQEfCfg,Ruby My Dear,50,spotify:track:1czzmAtPTw287TyMQEfCfg,Approaching Standards
https://api.spotify.com/v1/tracks/2VzRmb0GCPDBv6FddHGu7s,2VzRmb0GCPDBv6FddHGu7s,Hat And Beard,40,spotify:track:2VzRmb0GCPDBv6FddHGu7s,Out To Lunch (The Rudy Van Gelder Edition)
https://api.spotify.com/v1/tracks/2jz7vSAguRJmBHEA4I6C4N,2jz7vSAguRJmBHEA4I6C4N,Footprints,36,spotify:track:2jz7vSAguRJmBHEA4I6C4N,The Best Of Wayne Shorter
https://api.spotify.com/v1/tracks/46QlGPMuZ1FHgrIjHLx8o9,46QlGPMuZ1FHgrIjHLx8o9,Devil May Care,14,spotify:track:46QlGPMuZ1FHgrIjHLx8o9,Devil May Care
https://api.spotify.com/v1/tracks/0iIeXQ43VfcQXlsMSLMl1c,0iIeXQ43VfcQXlsMSLMl1c,Saeta,22,spotify:track:0iIeXQ43VfcQXlsMSLMl1c,Sketches Of Spain 50th Anniversary (Legacy Edition)
https://api.spotify.com/v1/tracks/2BYWA1m6cPvLGxoguqVsRn,2BYWA1m6cPvLGxoguqVsRn,Second Line,17,spotify:track:2BYWA1m6cPvLGxoguqVsRn,New Orleans Suite
https://api.spotify.com/v1/tracks/6wwbh1JrF8ThylMDet0EYX,6wwbh1JrF8ThylMDet0EYX,Summer Sun,0,spotify:track:6wwbh1JrF8ThylMDet0EYX,Waltz for Koop
https://api.spotify.com/v1/tracks/6JOqYnE9SCTzZU4BMg42mE,6JOqYnE9SCTzZU4BMg42mE,Voice,0,spotify:track:6JOqYnE9SCTzZU4BMg42mE,Voice
https://api.spotify.com/v1/tracks/6dF64KZN0MvS5Id9yyCYIL,6dF64KZN0MvS5Id9yyCYIL,Silly Putty,16,spotify:track:6dF64KZN0MvS5Id9yyCYIL,The Essential Stanley Clarke
https://api.spotify.com/v1/tracks/0HG221RDXXGPtgu94LKKqI,0HG221RDXXGPtgu94LKKqI,This Masquerade,31,spotify:track:0HG221RDXXGPtgu94LKKqI,Rhino Hi-Five: David Sanborn
https://api.spotify.com/v1/tracks/0PEgaatOV2ivOoBuIRWhgU,0PEgaatOV2ivOoBuIRWhgU,Four On Six,0,spotify:track:0PEgaatOV2ivOoBuIRWhgU,The Incredible Jazz Guitar Of
https://api.spotify.com/v1/tracks/44MyZZa2SPW0BO9XcmlU9F,44MyZZa2SPW0BO9XcmlU9F,Speedball,20,spotify:track:44MyZZa2SPW0BO9XcmlU9F,The Best Of Lee Morgan
https://api.spotify.com/v1/tracks/4p4y9pQQBER6vMFrHVsXwD,4p4y9pQQBER6vMFrHVsXwD,"Hello, Dolly!",0,spotify:track:4p4y9pQQBER6vMFrHVsXwD,"Hello, Dolly! (Remastered Reissue)"
https://api.spotify.com/v1/tracks/6ZgaUtMlUzUf7SqbUUnfbu,6ZgaUtMlUzUf7SqbUUnfbu,Blue Train - Remastered 2003,58,spotify:track:6ZgaUtMlUzUf7SqbUUnfbu,Blue Train (Expanded Edition)
https://api.spotify.com/v1/tracks/2xm9ihELo6xwrRKrBbPql9,2xm9ihELo6xwrRKrBbPql9,Body and Soul,54,spotify:track:2xm9ihELo6xwrRKrBbPql9,Body & Soul
https://api.spotify.com/v1/tracks/5vb7At47uO0yPGfmYnAHuw,5vb7At47uO0yPGfmYnAHuw,"'Round Midnight (feat. John Coltrane, Red Garland, Paul Chambers & Philly Joe Jones)",58,spotify:track:5vb7At47uO0yPGfmYnAHuw,'Round About Midnight
https://api.spotify.com/v1/tracks/2OmkGMew4R7BuOzuBa6h0m,2OmkGMew4R7BuOzuBa6h0m,Moody'S All Frantic,4,spotify:track:2OmkGMew4R7BuOzuBa6h0m,Best Of Chano Pozo Vol3 (Remastered)
https://api.spotify.com/v1/tracks/2WaYW84yWij5NSCpgSeU2R,2WaYW84yWij5NSCpgSeU2R,You Make Me Feel So Young - Remastered 1998,68,spotify:track:2WaYW84yWij5NSCpgSeU2R,Songs For Swingin' Lovers! (Remastered)
https://api.spotify.com/v1/tracks/3V3r5GlxyDjubv9TiZuw1s,3V3r5GlxyDjubv9TiZuw1s,Split Feelin's - Remastered 1999/Rudy Van Gelder Edition,35,spotify:track:3V3r5GlxyDjubv9TiZuw1s,Soul Station
https://api.spotify.com/v1/tracks/7MmWcH8NQ0e9w8naaWp2l2,7MmWcH8NQ0e9w8naaWp2l2,Limehouse Blues,34,spotify:track:7MmWcH8NQ0e9w8naaWp2l2,Jazz at the Pawnshop
https://api.spotify.com/v1/tracks/3qQVUOHJdgIFWJd0jrG9GE,3qQVUOHJdgIFWJd0jrG9GE,Doin' It,57,spotify:track:3qQVUOHJdgIFWJd0jrG9GE,Secrets
https://api.spotify.com/v1/tracks/1g6pSS6fGslaQXDiS8iMkW,1g6pSS6fGslaQXDiS8iMkW,The General,0,spotify:track:1g6pSS6fGslaQXDiS8iMkW,Ornithophobia
https://api.spotify.com/v1/tracks/4Gl2Ik9qLQK3EcaSl6XLKF,4Gl2Ik9qLQK3EcaSl6XLKF,Let's Face The Music And Dance,0,spotify:track:4Gl2Ik9qLQK3EcaSl6XLKF,Diva
https://api.spotify.com/v1/tracks/3b4lxZH5Id2bXVurOfTyaW,3b4lxZH5Id2bXVurOfTyaW,911,7,spotify:track:3b4lxZH5Id2bXVurOfTyaW,Ready...Set...Shango!
https://api.spotify.com/v1/tracks/4xhW4B3G3qBAKPVCf621RA,4xhW4B3G3qBAKPVCf621RA,I Wish I Played Guitar,4,spotify:track:4xhW4B3G3qBAKPVCf621RA,A Room Somewhere
https://api.spotify.com/v1/tracks/5bHZiO583riiN1OV64pZlC,5bHZiO583riiN1OV64pZlC,Luminous Monolith,0,spotify:track:5bHZiO583riiN1OV64pZlC,Fuchsia Swing Song
https://api.spotify.com/v1/tracks/6i7BrJ729QLUemr0i4rLU2,6i7BrJ729QLUemr0i4rLU2,Birdland,42,spotify:track:6i7BrJ729QLUemr0i4rLU2,The Greatest Drummer That Ever Lived
https://api.spotify.com/v1/tracks/0qjNOWXNj9SUuBiW9ioJhD,0qjNOWXNj9SUuBiW9ioJhD,Nata Di Marzo,0,spotify:track:0qjNOWXNj9SUuBiW9ioJhD,Kids In The Hall Brain Candy
https://api.spotify.com/v1/tracks/0lJ3iwfMWh8xDXWuGhbMv7,0lJ3iwfMWh8xDXWuGhbMv7,Memphis Underground,50,spotify:track:0lJ3iwfMWh8xDXWuGhbMv7,Memphis Underground
https://api.spotify.com/v1/tracks/3rFzc8CLVDZ7OOtFa2jPYP,3rFzc8CLVDZ7OOtFa2jPYP,Moanin',49,spotify:track:3rFzc8CLVDZ7OOtFa2jPYP,Blues & Roots
https://api.spotify.com/v1/tracks/2VNuGy6fugKMyujKri5Elm,2VNuGy6fugKMyujKri5Elm,Lazy Afternoon,25,spotify:track:2VNuGy6fugKMyujKri5Elm,Hot House Flowers
https://api.spotify.com/v1/tracks/5YTPRVC0gOXdD17IhOanqI,5YTPRVC0gOXdD17IhOanqI,Gypsy Blue - Remastered 2002/Rudy Van Gelder Edition,36,spotify:track:5YTPRVC0gOXdD17IhOanqI,Open Sesame (The Rudy Van Gelder Edition)
https://api.spotify.com/v1/tracks/4ymHy4hzJ09WxvvT7p0Azy,4ymHy4hzJ09WxvvT7p0Azy,You Go To My Head,54,spotify:track:4ymHy4hzJ09WxvvT7p0Azy,The Return Of Art Pepper
https://api.spotify.com/v1/tracks/0sh3ksrBKS9MfrfJxuZR5c,0sh3ksrBKS9MfrfJxuZR5c,Dayride,24,spotify:track:0sh3ksrBKS9MfrfJxuZR5c,No Mystery
https://api.spotify.com/v1/tracks/3cYHFvUYDVY9loQQ0LalJc,3cYHFvUYDVY9loQQ0LalJc,Blue Rondo à la Turk,41,spotify:track:3cYHFvUYDVY9loQQ0LalJc,Dave Brubeck's Greatest Hits
https://api.spotify.com/v1/tracks/1wSDJcxWZL0X2fOkyOEyAO,1wSDJcxWZL0X2fOkyOEyAO,The Sweeper,2,spotify:track:1wSDJcxWZL0X2fOkyOEyAO,Music In Motion
https://api.spotify.com/v1/tracks/6BR2T5zZBBh992hB0ks66b,6BR2T5zZBBh992hB0ks66b,The Followers,11,spotify:track:6BR2T5zZBBh992hB0ks66b,Chasing Tales
https://api.spotify.com/v1/tracks/2O0gI5BzsS8tlfGCRDJXZV,2O0gI5BzsS8tlfGCRDJXZV,Bags' Groove - RVG Remaster,0,spotify:track:2O0gI5BzsS8tlfGCRDJXZV,Bags' Groove (RVG Remaster)
https://api.spotify.com/v1/tracks/3Us7ZYk1MxPMvQu5mnI0Zw,3Us7ZYk1MxPMvQu5mnI0Zw,Blue Monk,22,spotify:track:3Us7ZYk1MxPMvQu5mnI0Zw,Blue Monk
https://api.spotify.com/v1/tracks/3oVxiRYsdchd7Avi3Xx0Bu,3oVxiRYsdchd7Avi3Xx0Bu,The Drum Thunder Suite - Remastered,34,spotify:track:3oVxiRYsdchd7Avi3Xx0Bu,Moanin' (Expanded Edition)
https://api.spotify.com/v1/tracks/2kF9Ijd7I2Kk2P4bYqUmzG,2kF9Ijd7I2Kk2P4bYqUmzG,Midnight Blue - Remastered,57,spotify:track:2kF9Ijd7I2Kk2P4bYqUmzG,Midnight Blue (The Rudy Van Gelder Edition)
https://api.spotify.com/v1/tracks/1cpANF6zMBoFoxkoIjZHjv,1cpANF6zMBoFoxkoIjZHjv,Skating In Central Park,63,spotify:track:1cpANF6zMBoFoxkoIjZHjv,Undercurrent
https://api.spotify.com/v1/tracks/0U070HY5rBmCyh4SIWHrgN,0U070HY5rBmCyh4SIWHrgN,Rain,33,spotify:track:0U070HY5rBmCyh4SIWHrgN,The Art Of Conversation
https://api.spotify.com/v1/tracks/0waPIgxlioI0HVVOpSTr1P,0waPIgxlioI0HVVOpSTr1P,Handful of Keys - Remastered 2000,19,spotify:track:0waPIgxlioI0HVVOpSTr1P,Fats Waller: Very Best of Fats Waller
https://api.spotify.com/v1/tracks/4flLgpI2uqoxGPMIq36Im8,4flLgpI2uqoxGPMIq36Im8,Earth,0,spotify:track:4flLgpI2uqoxGPMIq36Im8,The Elements
https://api.spotify.com/v1/tracks/6DH9qxj2GJi0lU2Y5FDHky,6DH9qxj2GJi0lU2Y5FDHky,A Night In Tunisia - Remastered 2005,36,spotify:track:6DH9qxj2GJi0lU2Y5FDHky,A Night In Tunisia (Remaster)
https://api.spotify.com/v1/tracks/1to5IySvboywOgXW9jCjDn,1to5IySvboywOgXW9jCjDn,You Don't Know What Love Is - Rudy Van Gelder Remaster,41,spotify:track:1to5IySvboywOgXW9jCjDn,Saxophone Colossus
https://api.spotify.com/v1/tracks/564Khg2mzPja306jcif1rI,564Khg2mzPja306jcif1rI,Stolen Moments,0,spotify:track:564Khg2mzPja306jcif1rI,The Blues And The Abstract Truth
https://api.spotify.com/v1/tracks/3HYvS1Dizyfr0b4Xz75hs3,3HYvS1Dizyfr0b4Xz75hs3,Mumbles,23,spotify:track:3HYvS1Dizyfr0b4Xz75hs3,A Jazz Odyssey
https://api.spotify.com/v1/tracks/6Bbn9JXOc660jRCtzyzxll,6Bbn9JXOc660jRCtzyzxll,Little Jazz Bird,11,spotify:track:6Bbn9JXOc660jRCtzyzxll,Verve Jazz Masters 51: Blossom Dearie
https://api.spotify.com/v1/tracks/4hkL4pzAuVtpS70FzS1i5i,4hkL4pzAuVtpS70FzS1i5i,Nature Boy,46,spotify:track:4hkL4pzAuVtpS70FzS1i5i,The Messenger
https://api.spotify.com/v1/tracks/23aDP04QX8MAHA99FLaPtN,23aDP04QX8MAHA99FLaPtN,Lonely Woman,41,spotify:track:23aDP04QX8MAHA99FLaPtN,The Shape Of Jazz To Come
https://api.spotify.com/v1/tracks/7aBKUvEYylCA24Cn8vepJj,7aBKUvEYylCA24Cn8vepJj,"Mercy, Mercy, Mercy",23,spotify:track:7aBKUvEYylCA24Cn8vepJj,The Best Of Capitol Years
https://api.spotify.com/v1/tracks/6HRUw67PN9Q8q4y2FDQOU6,6HRUw67PN9Q8q4y2FDQOU6,Hot Mallets - 2002 Remastered,23,spotify:track:6HRUw67PN9Q8q4y2FDQOU6,Bebop Professor (Bluebird's Best Series)
https://api.spotify.com/v1/tracks/0WPHL9IRv1Nm4xu21qxgnw,0WPHL9IRv1Nm4xu21qxgnw,My Little Brown Book,0,spotify:track:0WPHL9IRv1Nm4xu21qxgnw,Duke Ellington & John Coltrane
https://api.spotify.com/v1/tracks/77N8NXUkbGwF7WuUjAlf9O,77N8NXUkbGwF7WuUjAlf9O,I'll Be Seeing You,0,spotify:track:77N8NXUkbGwF7WuUjAlf9O,The Complete Commodore/Decca Masters
https://api.spotify.com/v1/tracks/57FfMOh9wOQ7IDDK2tmigg,57FfMOh9wOQ7IDDK2tmigg,Enlightenment,0,spotify:track:57FfMOh9wOQ7IDDK2tmigg,Sound Sun Pleasure
https://api.spotify.com/v1/tracks/2fJQmRWmlyqRxm8Pwdw7th,2fJQmRWmlyqRxm8Pwdw7th,"Bess You Is My Woman (From """"Porgy and Bess""""",24,spotify:track:2fJQmRWmlyqRxm8Pwdw7th,Loved Ones
https://api.spotify.com/v1/tracks/1R41BkqjEZSq5JyOr8pXcI,1R41BkqjEZSq5JyOr8pXcI,Skylark,22,spotify:track:1R41BkqjEZSq5JyOr8pXcI,A Little Moonlight
https://api.spotify.com/v1/tracks/55se4FQGLvhYMOeNxdElaS,55se4FQGLvhYMOeNxdElaS,Wanderlust,39,spotify:track:55se4FQGLvhYMOeNxdElaS,Duke Ellington Meets Coleman Hawkins
https://api.spotify.com/v1/tracks/4Ce66JznW8QbeyTdSzdGwR,4Ce66JznW8QbeyTdSzdGwR,Chameleon,56,spotify:track:4Ce66JznW8QbeyTdSzdGwR,Head Hunters
https://api.spotify.com/v1/tracks/7DUGRxCf9NFJffb5Eei8Ar,7DUGRxCf9NFJffb5Eei8Ar,God Bless the Child,52,spotify:track:7DUGRxCf9NFJffb5Eei8Ar,The Bridge
https://api.spotify.com/v1/tracks/0TKfIrCoyVr7aoDKFskiIe,0TKfIrCoyVr7aoDKFskiIe,Little Black Train,28,spotify:track:0TKfIrCoyVr7aoDKFskiIe,Heartland
https://api.spotify.com/v1/tracks/5uPLJoKX191EamfzgT9tcl,5uPLJoKX191EamfzgT9tcl,The Sunday Afternoon Jazz Blues Society,0,spotify:track:5uPLJoKX191EamfzgT9tcl,Self Determination Music
https://api.spotify.com/v1/tracks/0qCuFPwPAjHFg50wSxNWpU,0qCuFPwPAjHFg50wSxNWpU,Residing,0,spotify:track:0qCuFPwPAjHFg50wSxNWpU,Outsiders Insiders
https://api.spotify.com/v1/tracks/1tckg6GRaTodmxnDd4Cxkl,1tckg6GRaTodmxnDd4Cxkl,Cantaloupe Island,47,spotify:track:1tckg6GRaTodmxnDd4Cxkl,Cantaloupe Island
https://api.spotify.com/v1/tracks/2PzI5zpqHHEbb1czdNUXSm,2PzI5zpqHHEbb1czdNUXSm,Stuff,28,spotify:track:2PzI5zpqHHEbb1czdNUXSm,Miles In The Sky (Expanded Edition)
https://api.spotify.com/v1/tracks/3GVIEj2t58dZE0y44azO5j,3GVIEj2t58dZE0y44azO5j,How's Never?,0,spotify:track:3GVIEj2t58dZE0y44azO5j,Pathways
https://api.spotify.com/v1/tracks/7yzM0pEseQUpb6BMViOPEA,7yzM0pEseQUpb6BMViOPEA,Love Theme From Spartacus - Remastered,58,spotify:track:7yzM0pEseQUpb6BMViOPEA,Eastern Sounds
https://api.spotify.com/v1/tracks/360beQMahQ2FdZ9OmWYiBT,360beQMahQ2FdZ9OmWYiBT,Naima,0,spotify:track:360beQMahQ2FdZ9OmWYiBT,Giant Steps
https://api.spotify.com/v1/tracks/5M50qaptIGAfbuIHcwFCuZ,5M50qaptIGAfbuIHcwFCuZ,Forerunner,0,spotify:track:5M50qaptIGAfbuIHcwFCuZ,The Fred Hersch Trio Plays
https://api.spotify.com/v1/tracks/2h0pv8wU8UakPCzmcZSuXE,2h0pv8wU8UakPCzmcZSuXE,Aimless,7,spotify:track:2h0pv8wU8UakPCzmcZSuXE,Payan
https://api.spotify.com/v1/tracks/6BQgpQQ3X5xAqjAWgRWKOR,6BQgpQQ3X5xAqjAWgRWKOR,Peri's Scope,0,spotify:track:6BQgpQQ3X5xAqjAWgRWKOR,Portrait in Jazz (Remastered)
https://api.spotify.com/v1/tracks/66dtIYkpmtSZAIJzp4qlKN,66dtIYkpmtSZAIJzp4qlKN,Wake The Neighbors,6,spotify:track:66dtIYkpmtSZAIJzp4qlKN,Heroes + Misfits
https://api.spotify.com/v1/tracks/05LNBtMuc26HSAHh7C6iG8,05LNBtMuc26HSAHh7C6iG8,St. Thomas,49,spotify:track:05LNBtMuc26HSAHh7C6iG8,Saxophone Colossus
https://api.spotify.com/v1/tracks/5L8ta4ECl5zeA6bGqY7G38,5L8ta4ECl5zeA6bGqY7G38,"Sing, Sing, Sing",56,spotify:track:5L8ta4ECl5zeA6bGqY7G38,The Essential Benny Goodman
https://api.spotify.com/v1/tracks/1ASqQDG45adRth1NuejqqG,1ASqQDG45adRth1NuejqqG,What Is This Thing Called Love,16,spotify:track:1ASqQDG45adRth1NuejqqG,Lady Sings the Blues
https://api.spotify.com/v1/tracks/2V9ZGEAaTrNaQuck6WBxPG,2V9ZGEAaTrNaQuck6WBxPG,A Swingin' Safari,0,spotify:track:2V9ZGEAaTrNaQuck6WBxPG,Mad Men: A Musical Companion (1960-1965)
https://api.spotify.com/v1/tracks/7aoJg1wQEqMx1t875H5fww,7aoJg1wQEqMx1t875H5fww,Morning Sun,66,spotify:track:7aoJg1wQEqMx1t875H5fww,Currency Of Man
https://api.spotify.com/v1/tracks/2Xlp3XSlVGB7oWgxlyo5oT,2Xlp3XSlVGB7oWgxlyo5oT,Apple Honey - 78rpm Version,10,spotify:track:2Xlp3XSlVGB7oWgxlyo5oT,The Essential Woody Herman
https://api.spotify.com/v1/tracks/1SH49GqeyitOd9C4kk9dTM,1SH49GqeyitOd9C4kk9dTM,Kitten on the Keys,19,spotify:track:1SH49GqeyitOd9C4kk9dTM,Zez Confrey: Creator of the Novelty Rag
https://api.spotify.com/v1/tracks/4mraRJO2iZA5WQ5dxlSQx9,4mraRJO2iZA5WQ5dxlSQx9,Heather,43,spotify:track:4mraRJO2iZA5WQ5dxlSQx9,Crosswinds
https://api.spotify.com/v1/tracks/09GsoLPdIpzs7WFIq0vbnZ,09GsoLPdIpzs7WFIq0vbnZ,Like Someone In Love,8,spotify:track:09GsoLPdIpzs7WFIq0vbnZ,Centennial Celebration
https://api.spotify.com/v1/tracks/7KUJeTrpC3Lwo0Nm79P4Ju,7KUJeTrpC3Lwo0Nm79P4Ju,Light Skinned Beauty,18,spotify:track:7KUJeTrpC3Lwo0Nm79P4Ju,AfroPhysicist
https://api.spotify.com/v1/tracks/0Otf1ZfYNIjhqFIuJk0fsy,0Otf1ZfYNIjhqFIuJk0fsy,Tea for Two,55,spotify:track:0Otf1ZfYNIjhqFIuJk0fsy,Piano Starts Here
https://api.spotify.com/v1/tracks/2AdybYTfY2jpaHlLU1akSr,2AdybYTfY2jpaHlLU1akSr,Honeysuckle Rose,33,spotify:track:2AdybYTfY2jpaHlLU1akSr,The Complete Lionel Hampton Quartets And Quintets With Oscar Peterson
https://api.spotify.com/v1/tracks/1m3BAsNsQAaSNMD2M6vlKY,1m3BAsNsQAaSNMD2M6vlKY,Breezin',62,spotify:track:1m3BAsNsQAaSNMD2M6vlKY,Breezin'
https://api.spotify.com/v1/tracks/7yKic0Gqsk4SGNJl4wyJAm,7yKic0Gqsk4SGNJl4wyJAm,Someone To Watch Over Me,0,spotify:track:7yKic0Gqsk4SGNJl4wyJAm,Sarah Vaughan Sings George Gershwin
https://api.spotify.com/v1/tracks/0ZbrhdvEJowTUKbv4A2pmE,0ZbrhdvEJowTUKbv4A2pmE,50 Freeways,19,spotify:track:0ZbrhdvEJowTUKbv4A2pmE,trioKAIT
https://api.spotify.com/v1/tracks/3kOW7LYkOXJ9qE05TlKVc3,3kOW7LYkOXJ9qE05TlKVc3,Grazing In the Grass,0,spotify:track:3kOW7LYkOXJ9qE05TlKVc3,The Collection
https://api.spotify.com/v1/tracks/1HSkO9b7iVbu9ozQy6KTPi,1HSkO9b7iVbu9ozQy6KTPi,Agua De Beber,0,spotify:track:1HSkO9b7iVbu9ozQy6KTPi,The Silver Collection - Astrud Gilberto
https://api.spotify.com/v1/tracks/5TjO0GOOon3R6YOnRFPwzk,5TjO0GOOon3R6YOnRFPwzk,Chicago,54,spotify:track:5TjO0GOOon3R6YOnRFPwzk,The Best Of Benny Goodman
https://api.spotify.com/v1/tracks/6t65MC0hBqIXyiuaIL4JtT,6t65MC0hBqIXyiuaIL4JtT,The Thought Of You - Part I,12,spotify:track:6t65MC0hBqIXyiuaIL4JtT,The Thought Of You
https://api.spotify.com/v1/tracks/2IphXOYrkkW52Cj6NCW9a7,2IphXOYrkkW52Cj6NCW9a7,Lover Man - Remastered,15,spotify:track:2IphXOYrkkW52Cj6NCW9a7,Sonny Meets Hawk!
https://api.spotify.com/v1/tracks/3r94oMT1M8jF89PSw8qU00,3r94oMT1M8jF89PSw8qU00,Kossa Kossa,0,spotify:track:3r94oMT1M8jF89PSw8qU00,Resistance
https://api.spotify.com/v1/tracks/29axpCDY8Gf5cJOZ8rG6AS,29axpCDY8Gf5cJOZ8rG6AS,Directions,4,spotify:track:29axpCDY8Gf5cJOZ8rG6AS,A Room Somewhere
https://api.spotify.com/v1/tracks/5h1mm1R9Jy531CbvptILX7,5h1mm1R9Jy531CbvptILX7,Unforgettable,0,spotify:track:5h1mm1R9Jy531CbvptILX7,The Unforgettable Nat King Cole (Remastered)
https://api.spotify.com/v1/tracks/0SiMlVdkAPr1UPgr89t6Nc,0SiMlVdkAPr1UPgr89t6Nc,When the World Was One,0,spotify:track:0SiMlVdkAPr1UPgr89t6Nc,When the World Was One
https://api.spotify.com/v1/tracks/30vvdEWcs8s3ItEr7Uanty,30vvdEWcs8s3ItEr7Uanty,Slow Dance,10,spotify:track:30vvdEWcs8s3ItEr7Uanty,This Waiting Game
https://api.spotify.com/v1/tracks/6QjReBcA4E9BpPOha4Ek6V,6QjReBcA4E9BpPOha4Ek6V,Miles Runs the Voodoo Down,25,spotify:track:6QjReBcA4E9BpPOha4Ek6V,Bitches Brew (Legacy Edition)
https://api.spotify.com/v1/tracks/37sWynfhKopgV5MhZUuWGF,37sWynfhKopgV5MhZUuWGF,Vartha,27,spotify:track:37sWynfhKopgV5MhZUuWGF,The Imagined Savior Is Far Easier To Paint
https://api.spotify.com/v1/tracks/1RZ8JKowmKa4kkA8QApIEn,1RZ8JKowmKa4kkA8QApIEn,January V,24,spotify:track:1RZ8JKowmKa4kkA8QApIEn,M'Boom
https://api.spotify.com/v1/tracks/1BMirA3vwj2NLamWkJsVYq,1BMirA3vwj2NLamWkJsVYq,"Ruby, My Dear",51,spotify:track:1BMirA3vwj2NLamWkJsVYq,Thelonious Monk with John Coltrane (OJC Remaster)
https://api.spotify.com/v1/tracks/70fy8xF2Oyr49yTi2MvHc7,70fy8xF2Oyr49yTi2MvHc7,For Minors Only,28,spotify:track:70fy8xF2Oyr49yTi2MvHc7,Picture Of Heath
https://api.spotify.com/v1/tracks/1B8RSIxmwcjad7XUJjeCK2,1B8RSIxmwcjad7XUJjeCK2,You Make Me Feel so Young,58,spotify:track:1B8RSIxmwcjad7XUJjeCK2,To Be Loved
https://api.spotify.com/v1/tracks/2wQibCPuFdiaNm9tVKXanF,2wQibCPuFdiaNm9tVKXanF,Afrasia,11,spotify:track:2wQibCPuFdiaNm9tVKXanF,Naima
https://api.spotify.com/v1/tracks/5cO1oGqX8S2w96CwISPlLE,5cO1oGqX8S2w96CwISPlLE,Maple Leaf Rag,37,spotify:track:5cO1oGqX8S2w96CwISPlLE,Scott Joplin Piano Rags
https://api.spotify.com/v1/tracks/16nJl8NnriCJxraco5Zssm,16nJl8NnriCJxraco5Zssm,Better Git It in Your Soul,54,spotify:track:16nJl8NnriCJxraco5Zssm,Ah Um
https://api.spotify.com/v1/tracks/5xoQDcAjk0AaOU8QBZ4w4w,5xoQDcAjk0AaOU8QBZ4w4w,Strode Rode - Rudy Van Gelder Remaster,36,spotify:track:5xoQDcAjk0AaOU8QBZ4w4w,Saxophone Colossus
https://api.spotify.com/v1/tracks/07jrvCmNfEglvbjxPZ3GIv,07jrvCmNfEglvbjxPZ3GIv,Willow Weep for Me,18,spotify:track:07jrvCmNfEglvbjxPZ3GIv,Plays Ballads
https://api.spotify.com/v1/tracks/21fG5gVN5JiKbyRIUGKzoV,21fG5gVN5JiKbyRIUGKzoV,You've Got To Have Freedom,0,spotify:track:21fG5gVN5JiKbyRIUGKzoV,Pharoah Sanders' Finest
https://api.spotify.com/v1/tracks/5OHbx4rEsh2yhlD6Rp9dGG,5OHbx4rEsh2yhlD6Rp9dGG,Chasing the Bird,0,spotify:track:5OHbx4rEsh2yhlD6Rp9dGG,Bookie's Cookbook
https://api.spotify.com/v1/tracks/3ujbZ2FGIoTQG3v07tmV2D,3ujbZ2FGIoTQG3v07tmV2D,"Bye Bye Blackbird (feat. John Coltrane, Red Garland, Paul Chambers & Philly Joe Jones)",49,spotify:track:3ujbZ2FGIoTQG3v07tmV2D,'Round About Midnight
https://api.spotify.com/v1/tracks/1oDCK7PW72XEZ1pE5rh87A,1oDCK7PW72XEZ1pE5rh87A,Smile,67,spotify:track:1oDCK7PW72XEZ1pE5rh87A,The Nat King Cole Story
https://api.spotify.com/v1/tracks/3Ck8xIzxTvJqN42l7TsOa1,3Ck8xIzxTvJqN42l7TsOa1,Praise The Lord,34,spotify:track:3Ck8xIzxTvJqN42l7TsOa1,Mary Lou Williams Presents Black Christ of the Andes
https://api.spotify.com/v1/tracks/4ZqJqpepFl2niTo4M2Y0dp,4ZqJqpepFl2niTo4M2Y0dp,Robbins' Nest,0,spotify:track:4ZqJqpepFl2niTo4M2Y0dp,Best of the Claude Thornhill Orchestra
https://api.spotify.com/v1/tracks/11cHTwgw5L3qrNcv5Ugv0O,11cHTwgw5L3qrNcv5Ugv0O,Boogie Stop Shuffle,43,spotify:track:11cHTwgw5L3qrNcv5Ugv0O,Ah Um
https://api.spotify.com/v1/tracks/44Vilsiw175y2IpL2nx66o,44Vilsiw175y2IpL2nx66o,Marie Christie,25,spotify:track:44Vilsiw175y2IpL2nx66o,The Imagined Savior Is Far Easier To Paint
https://api.spotify.com/v1/tracks/6yAPBF2E4QfcitKoKRiovS,6yAPBF2E4QfcitKoKRiovS,If Music Was That Easy,33,spotify:track:6yAPBF2E4QfcitKoKRiovS,Transit
https://api.spotify.com/v1/tracks/0shGCs5AkhwJIgUb0SSz2B,0shGCs5AkhwJIgUb0SSz2B,The Way You Look Tonight,60,spotify:track:0shGCs5AkhwJIgUb0SSz2B,Ultimate Sinatra
https://api.spotify.com/v1/tracks/1N8rs8JCTO0J6itg8OV24o,1N8rs8JCTO0J6itg8OV24o,April In Paris,0,spotify:track:1N8rs8JCTO0J6itg8OV24o,History
https://api.spotify.com/v1/tracks/5f53HlLoS3wt56AYuLw0XL,5f53HlLoS3wt56AYuLw0XL,The Jazzstep,13,spotify:track:5f53HlLoS3wt56AYuLw0XL,Back In The Day
https://api.spotify.com/v1/tracks/1wHKgpL6wb7V922tOJCIl3,1wHKgpL6wb7V922tOJCIl3,Django,42,spotify:track:1wHKgpL6wb7V922tOJCIl3,Pyramid
https://api.spotify.com/v1/tracks/2YQD4iZibMN2lwy7OfAaDe,2YQD4iZibMN2lwy7OfAaDe,Aguanile Bonko,22,spotify:track:2YQD4iZibMN2lwy7OfAaDe,Recital en Teatro 12 y 23
https://api.spotify.com/v1/tracks/6BGu9IJlUza0h7YrTWElnD,6BGu9IJlUza0h7YrTWElnD,La Vie En Rose - Single Version,0,spotify:track:6BGu9IJlUza0h7YrTWElnD,All Time Greatest Hits
https://api.spotify.com/v1/tracks/18p1V9h39BkNj49Wa0uFES,18p1V9h39BkNj49Wa0uFES,Forest Flower,22,spotify:track:18p1V9h39BkNj49Wa0uFES,Discovery!
https://api.spotify.com/v1/tracks/7BZvNyf0eN2SuNXVrFjgL6,7BZvNyf0eN2SuNXVrFjgL6,Next Please,4,spotify:track:7BZvNyf0eN2SuNXVrFjgL6,From Europe with Jazz
https://api.spotify.com/v1/tracks/24rlqafTmogtLHGAfOvLqP,24rlqafTmogtLHGAfOvLqP,Autumn In New York,7,spotify:track:24rlqafTmogtLHGAfOvLqP,An Evening With Joe Albany
https://api.spotify.com/v1/tracks/3RwcvDHkNPc2YXFz7kOBTN,3RwcvDHkNPc2YXFz7kOBTN,But Beautiful - Remastered 2001,18,spotify:track:3RwcvDHkNPc2YXFz7kOBTN,The Capitol Vaults Jazz Series
https://api.spotify.com/v1/tracks/5xO7ZBNlj8d0r6jULUyZJN,5xO7ZBNlj8d0r6jULUyZJN,What A Little Moonlight Can Do,8,spotify:track:5xO7ZBNlj8d0r6jULUyZJN,Yesterday I Had The Blues: The Music Of Billie Holiday
https://api.spotify.com/v1/tracks/3xAXSXOjOGs8Uk8Djp2BAw,3xAXSXOjOGs8Uk8Djp2BAw,Jump for Joy - 2007 Remaster,44,spotify:track:3xAXSXOjOGs8Uk8Djp2BAw,The Divine One
https://api.spotify.com/v1/tracks/29TZQMVLv25CBm3bYn2EIQ,29TZQMVLv25CBm3bYn2EIQ,Kinda Dukish,20,spotify:track:29TZQMVLv25CBm3bYn2EIQ,Black Stars
https://api.spotify.com/v1/tracks/2QcTsUlTKcrkIH3XVmML7Y,2QcTsUlTKcrkIH3XVmML7Y,Seeker,0,spotify:track:2QcTsUlTKcrkIH3XVmML7Y,Alive
https://api.spotify.com/v1/tracks/3hC0YDVQICezAWyMjzaQSK,3hC0YDVQICezAWyMjzaQSK,Boplicity - 2000 Digital Remaster,0,spotify:track:3hC0YDVQICezAWyMjzaQSK,Birth Of The Cool (Rudy Van Gelder Edition)
https://api.spotify.com/v1/tracks/4PfdoGUe3sNDtrIZmeTIOF,4PfdoGUe3sNDtrIZmeTIOF,Prelude,17,spotify:track:4PfdoGUe3sNDtrIZmeTIOF,trioKAIT
https://api.spotify.com/v1/tracks/2iHJLCaBQdymf5Rzd4fXUo,2iHJLCaBQdymf5Rzd4fXUo,The General,16,spotify:track:2iHJLCaBQdymf5Rzd4fXUo,Dual Identity
https://api.spotify.com/v1/tracks/3Ysj0cl3Jlb6Ysp6um8QI7,3Ysj0cl3Jlb6Ysp6um8QI7,Along Came Betty,51,spotify:track:3Ysj0cl3Jlb6Ysp6um8QI7,Moanin' (Expanded Edition)
https://api.spotify.com/v1/tracks/3s8Anp8dKObIw8Zy8uGgYC,3s8Anp8dKObIw8Zy8uGgYC,Dominoes,49,spotify:track:3s8Anp8dKObIw8Zy8uGgYC,Places And Spaces
https://api.spotify.com/v1/tracks/1dZHIbmuBDAwXfQOM4dyM3,1dZHIbmuBDAwXfQOM4dyM3,The Sidewinder - Remastered 1999/Rudy Van Gelder Edition,52,spotify:track:1dZHIbmuBDAwXfQOM4dyM3,The Sidewinder (The Rudy Van Gelder Edition)
https://api.spotify.com/v1/tracks/6yuhA5jlK7gEAIVoJ5WK1f,6yuhA5jlK7gEAIVoJ5WK1f,Everytime We Say Goodbye,45,spotify:track:6yuhA5jlK7gEAIVoJ5WK1f,My Favorite Things (Deluxe Edition)
https://api.spotify.com/v1/tracks/6f6OQJv9qjqyJq9NHin45n,6f6OQJv9qjqyJq9NHin45n,Blue Ballad,52,spotify:track:6f6OQJv9qjqyJq9NHin45n,Phil's Mood
https://api.spotify.com/v1/tracks/7jIE9yaNiRlm3KqyFeSQiX,7jIE9yaNiRlm3KqyFeSQiX,Journey in Satchidananda,0,spotify:track:7jIE9yaNiRlm3KqyFeSQiX,Journey in Satchidananda / Blue Nile
https://api.spotify.com/v1/tracks/43JLhw4tT5FqhckbOLqOzI,43JLhw4tT5FqhckbOLqOzI,Forecast,13,spotify:track:43JLhw4tT5FqhckbOLqOzI,Coming Of Age
https://api.spotify.com/v1/tracks/0V8x3DYx47gwmiy6g8pKEp,0V8x3DYx47gwmiy6g8pKEp,She Walked Into My Life,7,spotify:track:0V8x3DYx47gwmiy6g8pKEp,An Evening With Joe Albany
https://api.spotify.com/v1/tracks/40xBWqPsiABS3T6BQi55uF,40xBWqPsiABS3T6BQi55uF,Steppin' Out,38,spotify:track:40xBWqPsiABS3T6BQi55uF,The Gate
https://api.spotify.com/v1/tracks/4pcAFbCrVfRy18NZGnighC,4pcAFbCrVfRy18NZGnighC,Give It Up,16,spotify:track:4pcAFbCrVfRy18NZGnighC,Take Off
https://api.spotify.com/v1/tracks/1N8kgdsicbNkQE0QettJvg,1N8kgdsicbNkQE0QettJvg,Birth,29,spotify:track:1N8kgdsicbNkQE0QettJvg,Foundations: The Keith Jarrett Anthology
https://api.spotify.com/v1/tracks/2ulQ2Rx5fi0R8c0M3ETpj7,2ulQ2Rx5fi0R8c0M3ETpj7,My Girl,32,spotify:track:2ulQ2Rx5fi0R8c0M3ETpj7,Motorcity Roots
https://api.spotify.com/v1/tracks/4mGzm5ahHxMX5IhVWbU7cl,4mGzm5ahHxMX5IhVWbU7cl,I Loves You Porgy,0,spotify:track:4mGzm5ahHxMX5IhVWbU7cl,Little Girl Blue (Remastered 2013)
https://api.spotify.com/v1/tracks/0j8bnD1EGeUPjHBnXPHibI,0j8bnD1EGeUPjHBnXPHibI,Taking A Chance On Love,32,spotify:track:0j8bnD1EGeUPjHBnXPHibI,The Complete Verve Sessions
https://api.spotify.com/v1/tracks/4Kj2xLNaqnbA99wWl9dnrR,4Kj2xLNaqnbA99wWl9dnrR,Collard Greens And Black-Eyed Peas - Rudy Van Gelder/24 Bit Mastering/1998 Digital Remaster,19,spotify:track:4Kj2xLNaqnbA99wWl9dnrR,The Amazing Bud Powell
https://api.spotify.com/v1/tracks/7JtcCde09fsajDNHmPFrX7,7JtcCde09fsajDNHmPFrX7,Autumn Leaves,50,spotify:track:7JtcCde09fsajDNHmPFrX7,Portrait In Jazz [Keepnews Collection]
https://api.spotify.com/v1/tracks/6AAxndfN25URaM9zQJfWbU,6AAxndfN25URaM9zQJfWbU,All The Things You Are,0,spotify:track:6AAxndfN25URaM9zQJfWbU,Bird After Dark
https://api.spotify.com/v1/tracks/7hZWZyF51NNeCJBzRovSqZ,7hZWZyF51NNeCJBzRovSqZ,It Don't Mean A Thing (If It Ain't Got That Swing) - Performed live on The Ed Sullivan Show 3/7/65,0,spotify:track:7hZWZyF51NNeCJBzRovSqZ,It Don't Mean A Thing (If It Ain't Got That Swing) [Performed live on The Ed Sullivan Show/1965]
https://api.spotify.com/v1/tracks/5W929NhWXCHdFY8J5U38rU,5W929NhWXCHdFY8J5U38rU,Good Morning Heartache,14,spotify:track:5W929NhWXCHdFY8J5U38rU,Yesterday I Had The Blues: The Music Of Billie Holiday
https://api.spotify.com/v1/tracks/2fmXnPfzguSp3zKDibCBgv,2fmXnPfzguSp3zKDibCBgv,Mister Magic,55,spotify:track:2fmXnPfzguSp3zKDibCBgv,Mister Magic
https://api.spotify.com/v1/tracks/4XnJC2xyuK9agxVcwIYtv3,4XnJC2xyuK9agxVcwIYtv3,Inkionos,0,spotify:track:4XnJC2xyuK9agxVcwIYtv3,Houseplant
https://api.spotify.com/v1/tracks/1Ku5vu9Crncz8ixeT4Ijxc,1Ku5vu9Crncz8ixeT4Ijxc,Dolphin Dance - Remastered,41,spotify:track:1Ku5vu9Crncz8ixeT4Ijxc,Maiden Voyage
https://api.spotify.com/v1/tracks/3k3nVFLnWCkhuKQTZOnioK,3k3nVFLnWCkhuKQTZOnioK,Bemsha Swing,25,spotify:track:3k3nVFLnWCkhuKQTZOnioK,Jazz Advance
https://api.spotify.com/v1/tracks/1ysoev7ZEGxGrzq8HNE61r,1ysoev7ZEGxGrzq8HNE61r,Blues Stride,18,spotify:track:1ysoev7ZEGxGrzq8HNE61r,Infinity
https://api.spotify.com/v1/tracks/1x9Rj0VuL8PkuTTxy3JAgI,1x9Rj0VuL8PkuTTxy3JAgI,Let's Take 16 Bars,14,spotify:track:1x9Rj0VuL8PkuTTxy3JAgI,Drums Around The Corner
https://api.spotify.com/v1/tracks/07nAIz8dFcRLCQZWduT8Da,07nAIz8dFcRLCQZWduT8Da,Wee (A.K.A. Allen's Alley),17,spotify:track:07nAIz8dFcRLCQZWduT8Da,The Quintet: Jazz At Massey Hall [Original Jazz Classics Remasters]
https://api.spotify.com/v1/tracks/56IF1gMvIEOQeSCWoMT7hx,56IF1gMvIEOQeSCWoMT7hx,Black and Tan Fantasy - Live,0,spotify:track:56IF1gMvIEOQeSCWoMT7hx,Ellington At Newport 1956 (Complete)
https://api.spotify.com/v1/tracks/30bcxQhTdttPv3raQLXEoO,30bcxQhTdttPv3raQLXEoO,Red Car,12,spotify:track:30bcxQhTdttPv3raQLXEoO,N.Y.C. 1986
https://api.spotify.com/v1/tracks/4mgiughUzH0A9Vv80cTBjH,4mgiughUzH0A9Vv80cTBjH,Man from Mars,0,spotify:track:4mgiughUzH0A9Vv80cTBjH,Lindy Hop! 40 Swing Jazz Dance Classics
https://api.spotify.com/v1/tracks/09oBwhrXdwv0Xw2MkBBDPD,09oBwhrXdwv0Xw2MkBBDPD,September,14,spotify:track:09oBwhrXdwv0Xw2MkBBDPD,New Ansonia
https://api.spotify.com/v1/tracks/0hVXLEvV5RQXVAGs9WipND,0hVXLEvV5RQXVAGs9WipND,Sugar Foot Stomp,31,spotify:track:0hVXLEvV5RQXVAGs9WipND,The Fletcher Henderson Story
https://api.spotify.com/v1/tracks/2gccJlozTRgHvZuUuyxjYx,2gccJlozTRgHvZuUuyxjYx,That Dream (feat. Svend Asmussen),20,spotify:track:2gccJlozTRgHvZuUuyxjYx,Garland (Feat. Svend Asmussen)
https://api.spotify.com/v1/tracks/09tpUc2aKL43haVl13dwGv,09tpUc2aKL43haVl13dwGv,Barnyard Scuffle Shuffle,15,spotify:track:09tpUc2aKL43haVl13dwGv,Fanfare For The Warriors
https://api.spotify.com/v1/tracks/4IVyX0UJzGyUk0MLiz1jVJ,4IVyX0UJzGyUk0MLiz1jVJ,Let's Fall In Love,63,spotify:track:4IVyX0UJzGyUk0MLiz1jVJ,When I Look In Your Eyes
https://api.spotify.com/v1/tracks/0S78qezX3QdsGDp3LPhV7T,0S78qezX3QdsGDp3LPhV7T,Change of the Guard,0,spotify:track:0S78qezX3QdsGDp3LPhV7T,The Epic
https://api.spotify.com/v1/tracks/5xS7JHjqPYvPSXYJxCRUij,5xS7JHjqPYvPSXYJxCRUij,Your Great Name,21,spotify:track:5xS7JHjqPYvPSXYJxCRUij,Beautiful Life
https://api.spotify.com/v1/tracks/2pRGwJJ4FKsmgypuM8uBAR,2pRGwJJ4FKsmgypuM8uBAR,Amabutho,14,spotify:track:2pRGwJJ4FKsmgypuM8uBAR,Let It Be Told
https://api.spotify.com/v1/tracks/1xicvSO4CJ2ymqYgpk7DFh,1xicvSO4CJ2ymqYgpk7DFh,"Milestones (feat. John Coltrane, Cannonball Adderley, Red Garland, Paul Chambers & Philly Joe Jones)",57,spotify:track:1xicvSO4CJ2ymqYgpk7DFh,Milestones
https://api.spotify.com/v1/tracks/08mNpIgvFDORGhekbe0n7A,08mNpIgvFDORGhekbe0n7A,Doctor Jazz,23,spotify:track:08mNpIgvFDORGhekbe0n7A,A Jazz Hour With Jelly Roll Morton: Doctor Jazz
https://api.spotify.com/v1/tracks/4zxd4tiXPlWMqoJltbVTbE,4zxd4tiXPlWMqoJltbVTbE,Stella By Starlight (feat. John Coltrane & Bill Evans),58,spotify:track:4zxd4tiXPlWMqoJltbVTbE,Kind Of Blue (Legacy Edition)
https://api.spotify.com/v1/tracks/1UhJzLDFPPUXqC1bmNIlc0,1UhJzLDFPPUXqC1bmNIlc0,Alone Again (Naturally),35,spotify:track:1UhJzLDFPPUXqC1bmNIlc0,Wallflower (Deluxe Edition)
https://api.spotify.com/v1/tracks/2zQl59dZMzwhrmeSBEgiXY,2zQl59dZMzwhrmeSBEgiXY,Watermelon Man,60,spotify:track:2zQl59dZMzwhrmeSBEgiXY,Head Hunters
https://api.spotify.com/v1/tracks/53V11PJy2Kjubbt7J8IC8c,53V11PJy2Kjubbt7J8IC8c,Minnie the Moocher,0,spotify:track:53V11PJy2Kjubbt7J8IC8c,Epic Music of the 1920's
https://api.spotify.com/v1/tracks/5bKBzuiRn1ZMEWfMJGNQXB,5bKBzuiRn1ZMEWfMJGNQXB,Caldonia - 78rpm Version,4,spotify:track:5bKBzuiRn1ZMEWfMJGNQXB,The Essential Woody Herman
https://api.spotify.com/v1/tracks/1wl5b2lw3YagQtZiYZbQWP,1wl5b2lw3YagQtZiYZbQWP,'Round Midnight,58,spotify:track:1wl5b2lw3YagQtZiYZbQWP,"Genius Of Modern Music (Vol.1, Expanded Edition)"
https://api.spotify.com/v1/tracks/60p18YXhrzLNrAaUXL8Bu6,60p18YXhrzLNrAaUXL8Bu6,Blue In Green (Take 3),56,spotify:track:60p18YXhrzLNrAaUXL8Bu6,Portrait In Jazz [Keepnews Collection]
https://api.spotify.com/v1/tracks/4bcyZfaAWCN5SwJgYToxkN,4bcyZfaAWCN5SwJgYToxkN,A Go Go,53,spotify:track:4bcyZfaAWCN5SwJgYToxkN,A Go Go
https://api.spotify.com/v1/tracks/3LPKxkeVpmTS6gqDqwczoQ,3LPKxkeVpmTS6gqDqwczoQ,Pad Thai,0,spotify:track:3LPKxkeVpmTS6gqDqwczoQ,Fusion Jazz in America
https://api.spotify.com/v1/tracks/5RYXVImRSNAEQ4zKmuKTam,5RYXVImRSNAEQ4zKmuKTam,Blue Blocks,29,spotify:track:5RYXVImRSNAEQ4zKmuKTam,Ten
https://api.spotify.com/v1/tracks/2yUwuEwgS6WyIf2YanF8Ax,2yUwuEwgS6WyIf2YanF8Ax,I Can't Get Started,0,spotify:track:2yUwuEwgS6WyIf2YanF8Ax,Lester Young With The Oscar Peterson Trio
https://api.spotify.com/v1/tracks/2sqqUTxbQ5YXMy1VRkuiZ3,2sqqUTxbQ5YXMy1VRkuiZ3,Lying in the Hay (Foxtrott),19,spotify:track:2sqqUTxbQ5YXMy1VRkuiZ3,"Fabulous British Dance Bands: Ray Noble, Vol.1 (Recordings 1931-1935) Featuring Al Bowlly"
https://api.spotify.com/v1/tracks/0ADAFZE0bYIuaIyPNFl3LE,0ADAFZE0bYIuaIyPNFl3LE,Blue Skies,51,spotify:track:0ADAFZE0bYIuaIyPNFl3LE,The Complete Capitol Recordings Of Art Tatum
https://api.spotify.com/v1/tracks/5wRlH3diPDfn9jv91hxkUy,5wRlH3diPDfn9jv91hxkUy,Emperor Jones,46,spotify:track:5wRlH3diPDfn9jv91hxkUy,Landmarks
https://api.spotify.com/v1/tracks/4FbyGU4nbHHioKAoCpYRzH,4FbyGU4nbHHioKAoCpYRzH,Mood Indigo,34,spotify:track:4FbyGU4nbHHioKAoCpYRzH,Duke Ellington Meets Coleman Hawkins
https://api.spotify.com/v1/tracks/5f0YgH4W4T2ITBpgBpFvrn,5f0YgH4W4T2ITBpgBpFvrn,Chiclete Com Banana,0,spotify:track:5f0YgH4W4T2ITBpgBpFvrn,Expresso 2222
https://api.spotify.com/v1/tracks/0aWMVrwxPNYkKmFthzmpRi,0aWMVrwxPNYkKmFthzmpRi,Blue in Green (feat. John Coltrane & Bill Evans),66,spotify:track:0aWMVrwxPNYkKmFthzmpRi,Kind Of Blue (Legacy Edition)
https://api.spotify.com/v1/tracks/6TMoKdGcSIHjLfyzINFB5X,6TMoKdGcSIHjLfyzINFB5X,Tenderly,53,spotify:track:6TMoKdGcSIHjLfyzINFB5X,An Introduction To Sarah Vaughan
https://api.spotify.com/v1/tracks/6Ya2qO1RUIFJhFMmNXJgse,6Ya2qO1RUIFJhFMmNXJgse,The Toy Trumpet,19,spotify:track:6Ya2qO1RUIFJhFMmNXJgse,The Music Of Raymond Scott: Reckless Nights And Turkish Twilights
https://api.spotify.com/v1/tracks/186W9AFedgM2HOBRN3re10,186W9AFedgM2HOBRN3re10,Black Villain Music,26,spotify:track:186W9AFedgM2HOBRN3re10,Coming Of Age
https://api.spotify.com/v1/tracks/1MNCAshf6foG8fDFDR9Jdy,1MNCAshf6foG8fDFDR9Jdy,Monicas vals,0,spotify:track:1MNCAshf6foG8fDFDR9Jdy,Waltz For Debby
https://api.spotify.com/v1/tracks/2qpORp1qQP3W69jWZbaNM9,2qpORp1qQP3W69jWZbaNM9,Rosa Morena,23,spotify:track:2qpORp1qQP3W69jWZbaNM9,This Time It's Love
https://api.spotify.com/v1/tracks/70Va8NA2Ies98TNa1XuNbl,70Va8NA2Ies98TNa1XuNbl,Brazilian Suite,23,spotify:track:70Va8NA2Ies98TNa1XuNbl,Best Of The Blue Note Years
https://api.spotify.com/v1/tracks/0mhHQyfZS1vrjuoQd95zbT,0mhHQyfZS1vrjuoQd95zbT,Bluesette,0,spotify:track:0mhHQyfZS1vrjuoQd95zbT,Now Playing Toots Thielemans
https://api.spotify.com/v1/tracks/6F9gHI5glK7oI9ebGYtcb5,6F9gHI5glK7oI9ebGYtcb5,Tampico,21,spotify:track:6F9gHI5glK7oI9ebGYtcb5,Retrospective - The Capitol Years
https://api.spotify.com/v1/tracks/4vLYewWIvqHfKtJDk8c8tq,4vLYewWIvqHfKtJDk8c8tq,"So What (feat. John Coltrane, Cannonball Adderley & Bill Evans)",64,spotify:track:4vLYewWIvqHfKtJDk8c8tq,Kind Of Blue (Legacy Edition)
https://api.spotify.com/v1/tracks/65XhQCGWUESjTXw3YlEEqm,65XhQCGWUESjTXw3YlEEqm,Zhivago,36,spotify:track:65XhQCGWUESjTXw3YlEEqm,Our Secret World
https://api.spotify.com/v1/tracks/0jIjMIGol799k7v3kmD0ZS,0jIjMIGol799k7v3kmD0ZS,Night and Day (Live),23,spotify:track:0jIjMIGol799k7v3kmD0ZS,"1945-49, Vol. 3 (Live)"
https://api.spotify.com/v1/tracks/1gHdnVaBNakuVxPY16Mx6a,1gHdnVaBNakuVxPY16Mx6a,"A Love Supreme, Pt. I – Acknowledgement",23,spotify:track:1gHdnVaBNakuVxPY16Mx6a,A Love Supreme (Deluxe Edition)
https://api.spotify.com/v1/tracks/1u9r8aNn7xgvdgjhvYJzmi,1u9r8aNn7xgvdgjhvYJzmi,K,0,spotify:track:1u9r8aNn7xgvdgjhvYJzmi,Endangered Blood
https://api.spotify.com/v1/tracks/3gMMHNUrq3rPeUfgQcAJ2H,3gMMHNUrq3rPeUfgQcAJ2H,Pretty Ballad,40,spotify:track:3gMMHNUrq3rPeUfgQcAJ2H,Foundations: The Keith Jarrett Anthology
https://api.spotify.com/v1/tracks/5xZRuFUCf8PVtwBpVgUv5R,5xZRuFUCf8PVtwBpVgUv5R,Desafinado - Stereo Version,0,spotify:track:5xZRuFUCf8PVtwBpVgUv5R,Getz/Gilberto (Classics International Version)
https://api.spotify.com/v1/tracks/1pjATX7sbd6Y4jMVqIvzHk,1pjATX7sbd6Y4jMVqIvzHk,Both Sides Now,50,spotify:track:1pjATX7sbd6Y4jMVqIvzHk,Both Sides Now
https://api.spotify.com/v1/tracks/643HteZrS2BZW5ILbOeVkk,643HteZrS2BZW5ILbOeVkk,"Gretel - Live From Dordrecht, Het Energiehuis / 2014",27,spotify:track:643HteZrS2BZW5ILbOeVkk,Sylva
https://api.spotify.com/v1/tracks/6DjOS2PYRPQ8amyhSpdErX,6DjOS2PYRPQ8amyhSpdErX,Let's Dance,41,spotify:track:6DjOS2PYRPQ8amyhSpdErX,The Essential Benny Goodman
https://api.spotify.com/v1/tracks/1CDBaGlisZlOJzvx88lL8A,1CDBaGlisZlOJzvx88lL8A,Song For My Father,59,spotify:track:1CDBaGlisZlOJzvx88lL8A,Song For My Father
https://api.spotify.com/v1/tracks/71h2nPELjmBCxKdFamDRkd,71h2nPELjmBCxKdFamDRkd,Lovely Sky Boat,34,spotify:track:71h2nPELjmBCxKdFamDRkd,A Monastic Trio
https://api.spotify.com/v1/tracks/1VBcpEf9rlEZMoogoeJM8k,1VBcpEf9rlEZMoogoeJM8k,Luc's Lantern,28,spotify:track:1VBcpEf9rlEZMoogoeJM8k,Luc's Lantern
https://api.spotify.com/v1/tracks/0MmNrhvLcoWjo7AOr0vgka,0MmNrhvLcoWjo7AOr0vgka,Linus And Lucy,57,spotify:track:0MmNrhvLcoWjo7AOr0vgka,A Charlie Brown Christmas [2012 Remastered & Expanded Edition]
https://api.spotify.com/v1/tracks/6ffJxrVKkPVW4hiRoiteB2,6ffJxrVKkPVW4hiRoiteB2,Stormy Weather,0,spotify:track:6ffJxrVKkPVW4hiRoiteB2,Plays the Harold Arlen Song Book
https://api.spotify.com/v1/tracks/4d3XHYFFuYYzxWr2cJ6yQl,4d3XHYFFuYYzxWr2cJ6yQl,Angel Eyes - Studio,51,spotify:track:4d3XHYFFuYYzxWr2cJ6yQl,Master Trio
https://api.spotify.com/v1/tracks/7sJaYRSgreqX7vtNozmoTg,7sJaYRSgreqX7vtNozmoTg,Oshun,13,spotify:track:7sJaYRSgreqX7vtNozmoTg,Heartland
https://api.spotify.com/v1/tracks/4F17fOFNxTHhNk6fXq46w6,4F17fOFNxTHhNk6fXq46w6,Everybody Loves The Sunshine,58,spotify:track:4F17fOFNxTHhNk6fXq46w6,Rising Son
https://api.spotify.com/v1/tracks/0488kXJ1YnLMrrM1ssJnev,0488kXJ1YnLMrrM1ssJnev,Monk's Dream - Take 8,51,spotify:track:0488kXJ1YnLMrrM1ssJnev,Monk's Dream
https://api.spotify.com/v1/tracks/34IQaMgUdIciIpNWN5CUbl,34IQaMgUdIciIpNWN5CUbl,In The Wee Small Hours Of The Morning,50,spotify:track:34IQaMgUdIciIpNWN5CUbl,Ultimate Sinatra
https://api.spotify.com/v1/tracks/5Jafpcu72SIeaOVk4Gboa2,5Jafpcu72SIeaOVk4Gboa2,Requiem,32,spotify:track:5Jafpcu72SIeaOVk4Gboa2,Lennie Tristano / The New Tristano
https://api.spotify.com/v1/tracks/6dRx7OUXfvosnXG3g9lWGi,6dRx7OUXfvosnXG3g9lWGi,"Flamenco Sketches (feat. John Coltrane, Cannonball Adderley & Bill Evans)",56,spotify:track:6dRx7OUXfvosnXG3g9lWGi,Kind Of Blue (Legacy Edition)
https://api.spotify.com/v1/tracks/5DzwNsYMbq5C56xNOUoRbI,5DzwNsYMbq5C56xNOUoRbI,Midnight in Moscow,18,spotify:track:5DzwNsYMbq5C56xNOUoRbI,Midnight in Moscow
https://api.spotify.com/v1/tracks/63tbc3y57OB9KWzCQtkCVf,63tbc3y57OB9KWzCQtkCVf,My Trip To Ireland,10,spotify:track:63tbc3y57OB9KWzCQtkCVf,No Pain For Cakes
https://api.spotify.com/v1/tracks/7ysmJhXFQtiBQlk6EZ6sks,7ysmJhXFQtiBQlk6EZ6sks,Journey Into Melody - 2007 Digital Remaster/Rudy Van Gelder Edition,55,spotify:track:7ysmJhXFQtiBQlk6EZ6sks,Look Out! (Remastered)
https://api.spotify.com/v1/tracks/3X3p3u03P8eFL8WTH0oaaU,3X3p3u03P8eFL8WTH0oaaU,Fair Weather - Remastered,47,spotify:track:3X3p3u03P8eFL8WTH0oaaU,Modern Art
https://api.spotify.com/v1/tracks/5MTKhfttMpjGObYVvq3ktx,5MTKhfttMpjGObYVvq3ktx,Uprising,24,spotify:track:5MTKhfttMpjGObYVvq3ktx,The Blue Mountain's Sun Drummer
https://api.spotify.com/v1/tracks/7ndRluuhCWFbz9QdrxIuso,7ndRluuhCWFbz9QdrxIuso,Get Happy,40,spotify:track:7ndRluuhCWFbz9QdrxIuso,Lady Sings the Blues
https://api.spotify.com/v1/tracks/6qNWmjlMAW503WLZLfjUba,6qNWmjlMAW503WLZLfjUba,Kathy's Waltz,35,spotify:track:6qNWmjlMAW503WLZLfjUba,Time Out
https://api.spotify.com/v1/tracks/1OGwtlps3T1Fo70q6zZUAs,1OGwtlps3T1Fo70q6zZUAs,Are You Real - Remastered,37,spotify:track:1OGwtlps3T1Fo70q6zZUAs,Moanin' (Expanded Edition)
https://api.spotify.com/v1/tracks/58ylMBq2yqYdHyevarkNWa,58ylMBq2yqYdHyevarkNWa,I Guess I'll Hang My Tears Out To Dry - Rudy Van Gelder Edition/Remastered 1999,53,spotify:track:58ylMBq2yqYdHyevarkNWa,Go! (The Rudy Van Gelder Edition)
https://api.spotify.com/v1/tracks/7GfcuA0aebfcSz8wbex9Qb,7GfcuA0aebfcSz8wbex9Qb,Rifferama,7,spotify:track:7GfcuA0aebfcSz8wbex9Qb,Days of Blue
https://api.spotify.com/v1/tracks/0CGA0C8Te3rHKqfr2428PT,0CGA0C8Te3rHKqfr2428PT,It Never Entered My Mind - Remastered,0,spotify:track:0CGA0C8Te3rHKqfr2428PT,Take Off: The Complete Blue Note Albums
https://api.spotify.com/v1/tracks/5bV5aNKjf4YelnJQHJ5PEI,5bV5aNKjf4YelnJQHJ5PEI,Orange Colored Sky - Remastered,0,spotify:track:5bV5aNKjf4YelnJQHJ5PEI,The Unforgettable Nat King Cole (Remastered)
https://api.spotify.com/v1/tracks/7jlmo5JvOnnTcUIEn4HoRw,7jlmo5JvOnnTcUIEn4HoRw,One and One,26,spotify:track:7jlmo5JvOnnTcUIEn4HoRw,On The Corner
https://api.spotify.com/v1/tracks/0GjOZkEk4jTSQq8PkuH097,0GjOZkEk4jTSQq8PkuH097,A Remark You Made,29,spotify:track:0GjOZkEk4jTSQq8PkuH097,Heavy Weather (Expanded Edition)
https://api.spotify.com/v1/tracks/6T4Med9aMXFnxLOEO2J87S,6T4Med9aMXFnxLOEO2J87S,Groove Merchant,28,spotify:track:6T4Med9aMXFnxLOEO2J87S,"The Thad Jones - Mel Lewis Orchestra, Basle 1969 / Swiss Radio Days, Jazz Series Vol.4"
https://api.spotify.com/v1/tracks/6G7u0Nvray9KzrnniPs2YX,6G7u0Nvray9KzrnniPs2YX,Rotation,9,spotify:track:6G7u0Nvray9KzrnniPs2YX,Mysteries
https://api.spotify.com/v1/tracks/0T1EaGm6b9eM7xBf4F1hlc,0T1EaGm6b9eM7xBf4F1hlc,Maiden Voyage - Remastered,52,spotify:track:0T1EaGm6b9eM7xBf4F1hlc,Maiden Voyage
https://api.spotify.com/v1/tracks/7hjfcGgarfTZkIvZa43C7e,7hjfcGgarfTZkIvZa43C7e,Cantaloupe Woman,19,spotify:track:7hjfcGgarfTZkIvZa43C7e,For The Funk Of It: The Original Jam Master (Vol. 2)
https://api.spotify.com/v1/tracks/3AeIbfjydFf46N27feEFri,3AeIbfjydFf46N27feEFri,My Funny Valentine,40,spotify:track:3AeIbfjydFf46N27feEFri,What Is There To Say?
https://api.spotify.com/v1/tracks/0GrNjx2fUXVbRcjhkYrDAX,0GrNjx2fUXVbRcjhkYrDAX,The Girl From Ipanema - Stereo Version,0,spotify:track:0GrNjx2fUXVbRcjhkYrDAX,Getz/Gilberto (Classics International Version)
https://api.spotify.com/v1/tracks/4TvgdsDDmI1vfnIfFE5LFy,4TvgdsDDmI1vfnIfFE5LFy,Diamond Express,0,spotify:track:4TvgdsDDmI1vfnIfFE5LFy,Ubagile
https://api.spotify.com/v1/tracks/0goLt4LXK1MpzwIfmItIS1,0goLt4LXK1MpzwIfmItIS1,Come Rain Or Come Shine,36,spotify:track:0goLt4LXK1MpzwIfmItIS1,Love Songs
https://api.spotify.com/v1/tracks/4Vs4N5YF0kGubJBctvFJ4E,4Vs4N5YF0kGubJBctvFJ4E,Amasi,10,spotify:track:4Vs4N5YF0kGubJBctvFJ4E,Let It Be Told
https://api.spotify.com/v1/tracks/0hY1lriPizkVAlt4XXx1pG,0hY1lriPizkVAlt4XXx1pG,More Today Than Yesterday - Instrumental,31,spotify:track:0hY1lriPizkVAlt4XXx1pG,Black Talk! (RVG Remaster)
https://api.spotify.com/v1/tracks/2jfiDZCg4UjLJEFktdcAV4,2jfiDZCg4UjLJEFktdcAV4,Unsquare Dance,48,spotify:track:2jfiDZCg4UjLJEFktdcAV4,Dave Brubeck's Greatest Hits
https://api.spotify.com/v1/tracks/4vBWNacHMiGtZs40whqX41,4vBWNacHMiGtZs40whqX41,The Smile Of The Snake,4,spotify:track:4vBWNacHMiGtZs40whqX41,Blame It On My Youth
https://api.spotify.com/v1/tracks/0XsbCr34semDxq0ZX84BCh,0XsbCr34semDxq0ZX84BCh,Easy Living,55,spotify:track:0XsbCr34semDxq0ZX84BCh,Billie Holiday Love Songs
https://api.spotify.com/v1/tracks/4diUG4YVYzfNL7a3cawE7N,4diUG4YVYzfNL7a3cawE7N,Such Sweet Thunder,16,spotify:track:4diUG4YVYzfNL7a3cawE7N,Sweet Thunder: Duke & Shak
https://api.spotify.com/v1/tracks/7CnOzCWGrTINcDExG6u99y,7CnOzCWGrTINcDExG6u99y,Cool Struttin',53,spotify:track:7CnOzCWGrTINcDExG6u99y,Cool Struttin' (Remastered / Rudy Van Gelder Edition)
https://api.spotify.com/v1/tracks/5Si2mbeT6nL3ysCIVsYu4R,5Si2mbeT6nL3ysCIVsYu4R,Lady Day and John Coltrane,0,spotify:track:5Si2mbeT6nL3ysCIVsYu4R,The Revolution Begins: The Flying Dutchman Masters
https://api.spotify.com/v1/tracks/7fSwDksBCCucOLlAO9obm9,7fSwDksBCCucOLlAO9obm9,Cheek To Chico,0,spotify:track:7fSwDksBCCucOLlAO9obm9,"Jazz Themes From The Movie Soundtrack """"Sweet Smell Of Success"""""
https://api.spotify.com/v1/tracks/3l2pObHGPzGmgRWDlAbUJN,3l2pObHGPzGmgRWDlAbUJN,"The """"In"""" Crowd - Live At The Bohemian Caverns, Washington, D.C., 1965",45,spotify:track:3l2pObHGPzGmgRWDlAbUJN,The In Crowd (Expanded Edition)
https://api.spotify.com/v1/tracks/0Cvjlph1WGbwZY1PlMEtJY,0Cvjlph1WGbwZY1PlMEtJY,Come Away With Me,75,spotify:track:0Cvjlph1WGbwZY1PlMEtJY,Come Away With Me
https://api.spotify.com/v1/tracks/2fNCSdonK3E2ODMvAUx92e,2fNCSdonK3E2ODMvAUx92e,And Here We Test Our Powers Of Observation,37,spotify:track:2fNCSdonK3E2ODMvAUx92e,Give
https://api.spotify.com/v1/tracks/4LbJFM4QRgvKoYU7nzj3Dx,4LbJFM4QRgvKoYU7nzj3Dx,Blue bossa,43,spotify:track:4LbJFM4QRgvKoYU7nzj3Dx,Biting The Apple
https://api.spotify.com/v1/tracks/5GVMAnMTX3miLXxC3pTXJq,5GVMAnMTX3miLXxC3pTXJq,Arcades,0,spotify:track:5GVMAnMTX3miLXxC3pTXJq,Ornithophobia
https://api.spotify.com/v1/tracks/4XUkIVq6olEHMIQEWpBn3t,4XUkIVq6olEHMIQEWpBn3t,Vamp,11,spotify:track:4XUkIVq6olEHMIQEWpBn3t,Days of Blue
https://api.spotify.com/v1/tracks/3PJMsxg6rz9FOo6xNiASXz,3PJMsxg6rz9FOo6xNiASXz,Goodbye Pork Pie Hat,59,spotify:track:3PJMsxg6rz9FOo6xNiASXz,Ah Um
https://api.spotify.com/v1/tracks/5aJcTRuJRYdd7cgPg4ZN8O,5aJcTRuJRYdd7cgPg4ZN8O,The Beast,0,spotify:track:5aJcTRuJRYdd7cgPg4ZN8O,Rockin' With Milt
https://api.spotify.com/v1/tracks/493ACqCZRUA0S35w0ACn4Y,493ACqCZRUA0S35w0ACn4Y,Cuando Cuando,36,spotify:track:493ACqCZRUA0S35w0ACn4Y,In These Shoes
https://api.spotify.com/v1/tracks/6gVXJNHw1DBEaGEMJgTj1k,6gVXJNHw1DBEaGEMJgTj1k,Skyward Bound,27,spotify:track:6gVXJNHw1DBEaGEMJgTj1k,Steps Ahead
https://api.spotify.com/v1/tracks/2x91iJc0UkFcjRMEZ2CoWB,2x91iJc0UkFcjRMEZ2CoWB,"Freddie Freeloader (feat. John Coltrane, Cannonball Adderley, Wynton Kelly & Paul Chambers)",55,spotify:track:2x91iJc0UkFcjRMEZ2CoWB,Kind Of Blue (Legacy Edition)
https://api.spotify.com/v1/tracks/4MEICIguaQ272dPeOWkjYJ,4MEICIguaQ272dPeOWkjYJ,Worse and Worse,15,spotify:track:4MEICIguaQ272dPeOWkjYJ,"Bill Frisell, Ron Carter, Paul Motian"
https://api.spotify.com/v1/tracks/21WlpZiXLelHjdoMUhHfrm,21WlpZiXLelHjdoMUhHfrm,My One And Only Love,39,spotify:track:21WlpZiXLelHjdoMUhHfrm,The Best Of Chick Corea
https://api.spotify.com/v1/tracks/4JpLVWSzaaQlgAET15YZb3,4JpLVWSzaaQlgAET15YZb3,I Let A Song Go Out Of My Heart,23,spotify:track:4JpLVWSzaaQlgAET15YZb3,The Essential Lena Horne - The RCA Years
https://api.spotify.com/v1/tracks/3s2RFp5hU6jEvAmfZrnrAi,3s2RFp5hU6jEvAmfZrnrAi,I'll Let You Know,55,spotify:track:3s2RFp5hU6jEvAmfZrnrAi,The New Classic Trio
https://api.spotify.com/v1/tracks/6MTgCiralWjgYruZgqJt3Z,6MTgCiralWjgYruZgqJt3Z,Mra Khali,14,spotify:track:6MTgCiralWjgYruZgqJt3Z,Let It Be Told
https://api.spotify.com/v1/tracks/4hHbeIIKO5Y5uLyIEbY9Gn,4hHbeIIKO5Y5uLyIEbY9Gn,Come Fly With Me - Remastered 1998,70,spotify:track:4hHbeIIKO5Y5uLyIEbY9Gn,Come Fly With Me (Remastered)
https://api.spotify.com/v1/tracks/3laCo1tj2egTZLFDEZjbMy,3laCo1tj2egTZLFDEZjbMy,Just a Gigolo,35,spotify:track:3laCo1tj2egTZLFDEZjbMy,Monk's Dream
https://api.spotify.com/v1/tracks/0V3K5h6d8Epqg4k60O1IBB,0V3K5h6d8Epqg4k60O1IBB,Lazy Bird,38,spotify:track:0V3K5h6d8Epqg4k60O1IBB,Blue Train (Expanded Edition)
https://api.spotify.com/v1/tracks/4A8VMiwggF5OrCPkuqAlPx,4A8VMiwggF5OrCPkuqAlPx,"Take The """"A"""" Train",0,spotify:track:4A8VMiwggF5OrCPkuqAlPx,Jazz Moods -- Hot
https://api.spotify.com/v1/tracks/1eBwxDeN0OjfRGcFSE0YxY,1eBwxDeN0OjfRGcFSE0YxY,Everything I Love,17,spotify:track:1eBwxDeN0OjfRGcFSE0YxY,Life Between The Exit Signs
https://api.spotify.com/v1/tracks/4ut7rmXHnJ7FiGxUu5wmC9,4ut7rmXHnJ7FiGxUu5wmC9,King Queen,4,spotify:track:4ut7rmXHnJ7FiGxUu5wmC9,Initiate
https://api.spotify.com/v1/tracks/5z15cDqIrx3pGlxjplr5PV,5z15cDqIrx3pGlxjplr5PV,Triplicity,15,spotify:track:5z15cDqIrx3pGlxjplr5PV,Triplicity (Live)
https://api.spotify.com/v1/tracks/3ETaHTY7ACGLqjhYskQ2Hj,3ETaHTY7ACGLqjhYskQ2Hj,"My Foolish Heart - Live At Town Hall, New York City, 1966",33,spotify:track:3ETaHTY7ACGLqjhYskQ2Hj,Bill Evans At Town Hall
https://api.spotify.com/v1/tracks/5vfQK8G9uaH0RJiG0yaMrX,5vfQK8G9uaH0RJiG0yaMrX,Taxi War- Dance,20,spotify:track:5vfQK8G9uaH0RJiG0yaMrX,This Is Jazz #11
https://api.spotify.com/v1/tracks/5Y6XkUYByRoFIx0j2bqJrk,5Y6XkUYByRoFIx0j2bqJrk,Touchin' on Trane: Part A,13,spotify:track:5Y6XkUYByRoFIx0j2bqJrk,"Gayle, Charles / Parker, William / Ali, Rashied: Touchin' on Trane"
https://api.spotify.com/v1/tracks/5CcAkJMkqpx7vwyYq1CQQd,5CcAkJMkqpx7vwyYq1CQQd,As This Moment Slips Away,44,spotify:track:5CcAkJMkqpx7vwyYq1CQQd,The Bad Plus Joshua Redman
https://api.spotify.com/v1/tracks/2l2Wc0siUPFZg1SEHfkk7J,2l2Wc0siUPFZg1SEHfkk7J,Tensity,13,spotify:track:2l2Wc0siUPFZg1SEHfkk7J,The Edge: David Axelrod At Capitol Records 1966-1970
https://api.spotify.com/v1/tracks/3VZwP7d1U7tuQjb9JZrSRF,3VZwP7d1U7tuQjb9JZrSRF,'S Wonderful,57,spotify:track:3VZwP7d1U7tuQjb9JZrSRF,The Look Of Love
